{"cameraMode":{"drawMode":0,"name":"Shaded","section":"Shading Mode"},"sceneLighting":true,"audioPlay":false,"sceneViewState":{"m_AlwaysRefresh":false,"showFog":true,"showSkybox":true,"showFlares":true,"showImageEffects":true,"showParticleSystems":true,"showVisualEffectGraphs":true,"m_FxEnabled":true},"in2DMode":false,"pivot":{"x":273.6279602050781,"y":13.629335403442383,"z":299.1998291015625},"rotation":{"x":0.16639801859855653,"y":0.41719141602516177,"z":-0.07797642797231674,"w":0.8900613784790039},"size":37.831993103027347,"orthographic":false}