{"cameraMode":{"drawMode":0,"name":"Shaded","section":"Shading Mode"},"sceneLighting":true,"audioPlay":false,"sceneViewState":{"m_AlwaysRefresh":false,"showFog":true,"showSkybox":true,"showFlares":true,"showImageEffects":true,"showParticleSystems":true,"showVisualEffectGraphs":true,"m_FxEnabled":true},"in2DMode":false,"pivot":{"x":254.80335998535157,"y":19.152122497558595,"z":286.1457824707031},"rotation":{"x":0.16639801859855653,"y":0.41719141602516177,"z":-0.07797642797231674,"w":0.8900613784790039},"size":2.598067283630371,"orthographic":false}