{"cameraMode":{"drawMode":0,"name":"Shaded","section":"Shading Mode"},"sceneLighting":false,"audioPlay":false,"sceneViewState":{"m_AlwaysRefresh":false,"showFog":true,"showSkybox":false,"showFlares":true,"showImageEffects":true,"showParticleSystems":true,"showVisualEffectGraphs":true,"m_FxEnabled":true},"in2DMode":false,"pivot":{"x":-0.3237217664718628,"y":0.201592355966568,"z":-0.012696687132120133},"rotation":{"x":-0.14167848229408265,"y":0.7262043952941895,"z":-0.15730059146881104,"w":-0.6540889143943787},"size":0.4005705714225769,"orthographic":false}