{"cameraMode":{"drawMode":0,"name":"Shaded","section":"Shading Mode"},"sceneLighting":false,"audioPlay":false,"sceneViewState":{"m_AlwaysRefresh":false,"showFog":false,"showSkybox":false,"showFlares":false,"showImageEffects":false,"showParticleSystems":false,"showVisualEffectGraphs":true,"m_FxEnabled":true},"in2DMode":false,"pivot":{"x":-0.7785714864730835,"y":0.6669844388961792,"z":-1.5255661010742188},"rotation":{"x":-0.01520573627203703,"y":0.9820570945739746,"z":-0.09041567891836167,"w":-0.16505631804466248},"size":1.8413395881652833,"orthographic":false}