{"cameraMode":{"drawMode":0,"name":"Shaded","section":"Shading Mode"},"sceneLighting":false,"audioPlay":false,"sceneViewState":{"m_AlwaysRefresh":false,"showFog":true,"showSkybox":false,"showFlares":true,"showImageEffects":true,"showParticleSystems":true,"showVisualEffectGraphs":true,"m_FxEnabled":true},"in2DMode":false,"pivot":{"x":0.011277914978563786,"y":0.06358020007610321,"z":0.03422502428293228},"rotation":{"x":-0.2914523482322693,"y":0.12040971219539643,"z":0.0370371975004673,"w":0.9482734799385071},"size":0.028355708345770837,"orthographic":false}