{"cameraMode":{"drawMode":0,"name":"Shaded","section":"Shading Mode"},"sceneLighting":false,"audioPlay":false,"sceneViewState":{"m_AlwaysRefresh":false,"showFog":false,"showSkybox":false,"showFlares":false,"showImageEffects":false,"showParticleSystems":false,"showVisualEffectGraphs":true,"m_FxEnabled":true},"in2DMode":false,"pivot":{"x":0.11406709998846054,"y":0.9837222695350647,"z":-0.1267688274383545},"rotation":{"x":0.003203884931281209,"y":-0.9898216128349304,"z":0.14049749076366425,"w":0.02256755158305168},"size":1.1139236688613892,"orthographic":false}