{"cameraMode":{"drawMode":0,"name":"Shaded","section":"Shading Mode"},"sceneLighting":false,"audioPlay":false,"sceneViewState":{"m_AlwaysRefresh":false,"showFog":false,"showSkybox":false,"showFlares":false,"showImageEffects":false,"showParticleSystems":false,"showVisualEffectGraphs":true,"m_FxEnabled":true},"in2DMode":false,"pivot":{"x":-0.38876664638519289,"y":0.6393033266067505,"z":-1.0046933889389039},"rotation":{"x":-0.0008385133696720004,"y":-0.9931457042694092,"z":0.11673130840063095,"w":-0.00715543981641531},"size":1.4491339921951295,"orthographic":false}