{"cameraMode":{"drawMode":0,"name":"Shaded","section":"Shading Mode"},"sceneLighting":false,"audioPlay":false,"sceneViewState":{"m_AlwaysRefresh":false,"showFog":true,"showSkybox":false,"showFlares":true,"showImageEffects":true,"showParticleSystems":true,"showVisualEffectGraphs":true,"m_FxEnabled":true},"in2DMode":false,"pivot":{"x":297.26800537109377,"y":20.560914993286134,"z":282.4876403808594},"rotation":{"x":0.05869564414024353,"y":0.0526961088180542,"z":-0.003092205850407481,"w":0.9968909621238709},"size":1.691960334777832,"orthographic":false}