{"cameraMode":{"drawMode":0,"name":"Shaded","section":"Shading Mode"},"sceneLighting":false,"audioPlay":false,"sceneViewState":{"m_AlwaysRefresh":false,"showFog":false,"showSkybox":false,"showFlares":false,"showImageEffects":false,"showParticleSystems":false,"showVisualEffectGraphs":true,"m_FxEnabled":true},"in2DMode":false,"pivot":{"x":-0.1587427258491516,"y":0.804967999458313,"z":0.003551539033651352},"rotation":{"x":-0.017859501764178277,"y":0.973132312297821,"z":-0.08076835423707962,"w":-0.2150745391845703},"size":0.9895220994949341,"orthographic":false}