{"cameraMode":{"drawMode":0,"name":"Shaded","section":"Shading Mode"},"sceneLighting":false,"audioPlay":false,"sceneViewState":{"m_AlwaysRefresh":false,"showFog":true,"showSkybox":false,"showFlares":true,"showImageEffects":true,"showParticleSystems":true,"showVisualEffectGraphs":true,"m_FxEnabled":true},"in2DMode":false,"pivot":{"x":57.61598205566406,"y":59.196414947509769,"z":242.95651245117188},"rotation":{"x":0.002445908496156335,"y":0.4165033996105194,"z":0.0011206393828615547,"w":-0.9091306924819946},"size":0.7450852990150452,"orthographic":false}