{"cameraMode":{"drawMode":0,"name":"Shaded","section":"Shading Mode"},"sceneLighting":true,"audioPlay":false,"sceneViewState":{"m_AlwaysRefresh":false,"showFog":true,"showSkybox":true,"showFlares":true,"showImageEffects":true,"showParticleSystems":true,"showVisualEffectGraphs":true,"m_FxEnabled":true},"in2DMode":false,"pivot":{"x":256.7125244140625,"y":18.531015396118165,"z":287.76727294921877},"rotation":{"x":-0.044784754514694217,"y":-0.9156737923622131,"z":0.10652544349431992,"w":-0.3850668966770172},"size":2.4361040592193605,"orthographic":false}