{"cameraMode":{"drawMode":0,"name":"Shaded","section":"Shading Mode"},"sceneLighting":true,"audioPlay":false,"sceneViewState":{"m_AlwaysRefresh":true,"showFog":true,"showSkybox":true,"showFlares":true,"showImageEffects":true,"showParticleSystems":true,"showVisualEffectGraphs":true,"m_FxEnabled":true},"in2DMode":false,"pivot":{"x":233.87942504882813,"y":18.481182098388673,"z":295.311767578125},"rotation":{"x":-0.042493030428886417,"y":-0.9484270811080933,"z":0.14421376585960389,"w":-0.27942612767219546},"size":11.813894271850586,"orthographic":false}