{"cameraMode":{"drawMode":0,"name":"Shaded","section":"Shading Mode"},"sceneLighting":true,"audioPlay":false,"sceneViewState":{"m_AlwaysRefresh":false,"showFog":true,"showSkybox":true,"showFlares":true,"showImageEffects":true,"showParticleSystems":true,"showVisualEffectGraphs":true,"m_FxEnabled":true},"in2DMode":false,"pivot":{"x":255.99459838867188,"y":18.620361328125,"z":288.9679870605469},"rotation":{"x":-0.058716218918561938,"y":-0.046126872301101688,"z":0.002717259805649519,"w":-0.997252881526947},"size":0.36839067935943606,"orthographic":false}