{"cameraMode":{"drawMode":0,"name":"Shaded","section":"Shading Mode"},"sceneLighting":true,"audioPlay":false,"sceneViewState":{"m_AlwaysRefresh":false,"showFog":true,"showSkybox":true,"showFlares":true,"showImageEffects":true,"showParticleSystems":true,"showVisualEffectGraphs":true,"m_FxEnabled":true},"in2DMode":false,"pivot":{"x":225.59461975097657,"y":19.970378875732423,"z":301.2344970703125},"rotation":{"x":-0.03343706205487251,"y":-0.09760957956314087,"z":-0.0032492130994796755,"w":0.9947144389152527},"size":0.8660253882408142,"orthographic":false}