{"cameraMode":{"drawMode":0,"name":"Shaded","section":"Shading Mode"},"sceneLighting":true,"audioPlay":false,"sceneViewState":{"m_AlwaysRefresh":false,"showFog":true,"showSkybox":true,"showFlares":true,"showImageEffects":true,"showParticleSystems":true,"showVisualEffectGraphs":true,"m_FxEnabled":true},"in2DMode":false,"pivot":{"x":265.1993103027344,"y":31.286243438720704,"z":298.0404052734375},"rotation":{"x":0.08575501292943955,"y":0.8665151596069336,"z":-0.15984682738780976,"w":0.4651091992855072},"size":12.694751739501954,"orthographic":false}