{"cameraMode":{"drawMode":0,"name":"Shaded","section":"Shading Mode"},"sceneLighting":true,"audioPlay":false,"sceneViewState":{"m_AlwaysRefresh":false,"showFog":true,"showSkybox":true,"showFlares":true,"showImageEffects":true,"showParticleSystems":true,"showVisualEffectGraphs":true,"m_FxEnabled":true},"in2DMode":false,"pivot":{"x":186.8726043701172,"y":75.06361389160156,"z":217.54039001464845},"rotation":{"x":-0.0011819865321740509,"y":0.6157167553901672,"z":0.000923588580917567,"w":0.7879659533500671},"size":0.3988003134727478,"orthographic":false}