{"cameraMode":{"drawMode":0,"name":"Shaded","section":"Shading Mode"},"sceneLighting":false,"audioPlay":false,"sceneViewState":{"m_AlwaysRefresh":false,"showFog":false,"showSkybox":false,"showFlares":false,"showImageEffects":false,"showParticleSystems":false,"showVisualEffectGraphs":true,"m_FxEnabled":true},"in2DMode":false,"pivot":{"x":-0.02638298273086548,"y":1.3039348125457764,"z":-0.2237236499786377},"rotation":{"x":0.015633804723620416,"y":0.9640358090400696,"z":-0.05821385607123375,"w":0.259019672870636},"size":0.5334029197692871,"orthographic":false}